[
  {
    "Id": "983408",
    "ThreadId": "428624",
    "Html": "\r\n<p>Just wanted to drop a note to let users know I will be&nbsp;monitoring&nbsp;this area in case someone had questions or would like to discuss the API, KerbalSpace or any topics&nbsp;related&nbsp;to the API or its components. (ie I will happily answer any\r\n general Json.Net usage questions).</p>\r\n<p>If you are using the API for a personal project or a project posted to the Kerbal Space community please drop a message in this thread to let me know. I just like to see how the API is being used.&nbsp;</p>\r\n",
    "PostedDate": "2013-01-05T16:20:44.86-08:00",
    "UserRole": null,
    "MarkedAsAnswerDate": null
  },
  {
    "Id": "1108072",
    "ThreadId": "428624",
    "Html": "I had some ideas regarding an external program that would run a campaign for KSP and was very pleased when I found this!\r<br />\nJust responding to your request for messages regarding use.  I would love to hear from you if you are still monitoring this, and I may have a question or two <br />\n",
    "PostedDate": "2013-10-15T21:07:36.883-07:00",
    "UserRole": null,
    "MarkedAsAnswerDate": null
  }
]