[
  {
    "Id": "428624",
    "Title": "Using the API? Say hi!",
    "LatestDate": "2013-10-15T21:07:36.883-07:00"
  },
  {
    "Id": "428939",
    "Title": "Detailed Class Documentation for Alpha 0.1.5",
    "LatestDate": "2013-01-08T17:47:48.24-08:00"
  },
  {
    "Id": "429490",
    "Title": "Manager Pattern depracated",
    "LatestDate": "2013-01-13T20:40:42.593-08:00"
  },
  {
    "Id": "429856",
    "Title": "Base File loading infrastructure checked in",
    "LatestDate": "2013-01-16T20:24:19.457-08:00"
  },
  {
    "Id": "429857",
    "Title": "Adding NAnt dependency",
    "LatestDate": "2013-05-26T17:20:13.043-07:00"
  }
]