{
  "WorkItem": {
    "AffectedComponent": {
      "Name": "Consumer API",
      "DisplayName": "Consumer API"
    },
    "ClosedComment": "",
    "ClosedDate": null,
    "CommentCount": 0,
    "Custom": null,
    "Description": "Create framework to:\r\n\r\n* Allow merging of any combination of the following:\r\n** Item1 > Item2 > Output\r\n** Craft > Craft > Craft\r\n** Craft > Craft > Vessel\r\n** Craft > Vessel > Craft\r\n** Craft > Vessel > Vessel\r\n** Vessel > Vessel > Craft\r\n** Vessel > Vessel > Vessel\r\n\r\nAllow binding to decouplers and docking ports.\r\n",
    "LastUpdatedDate": "2017-11-27T17:48:22.04-08:00",
    "PlannedForRelease": "0.7.0 Alpha (Jeb's Jalopy)",
    "ReleaseVisibleToPublic": true,
    "Priority": {
      "Name": "Low",
      "Severity": 50,
      "Id": 1
    },
    "ProjectName": "KerbalData",
    "ReportedDate": "2013-01-25T01:12:36.11-08:00",
    "Status": {
      "Name": "Proposed",
      "Id": 1
    },
    "ReasonClosed": {
      "Name": "Unassigned"
    },
    "Summary": "Craft/Vessel Data Merge",
    "Type": {
      "Name": "Issue",
      "Id": 3
    },
    "VoteCount": 1,
    "Id": 21
  },
  "FileAttachments": [],
  "Comments": []
}