{
  "WorkItem": {
    "AffectedComponent": {
      "Name": "Consumer API",
      "DisplayName": "Consumer API"
    },
    "ClosedComment": "",
    "ClosedDate": null,
    "CommentCount": 0,
    "Custom": null,
    "Description": "Dr WPF's solution while helpful still requires too much work by the consumer (see KerbalEdit codebase for example). Dictionary usage for unmapped properties will be replaced with a custom data object list implementation wired for INotifyPropertyChanged, INotifyCollectionChanged and any other relevant interfaces. ",
    "LastUpdatedDate": "2017-11-27T17:48:22.04-08:00",
    "PlannedForRelease": "0.4.0 Alpha (Jeb's Jalopy)",
    "ReleaseVisibleToPublic": true,
    "Priority": {
      "Name": "Medium",
      "Severity": 100,
      "Id": 2
    },
    "ProjectName": "KerbalData",
    "ReportedDate": "2013-02-13T07:30:28.907-08:00",
    "Status": {
      "Name": "Proposed",
      "Id": 1
    },
    "ReasonClosed": {
      "Name": "Unassigned"
    },
    "Summary": "Rip out Dictionaries",
    "Type": {
      "Name": "Issue",
      "Id": 3
    },
    "VoteCount": 1,
    "Id": 29
  },
  "FileAttachments": [],
  "Comments": []
}