{
  "WorkItem": {
    "AffectedComponent": {
      "Name": "",
      "DisplayName": ""
    },
    "ClosedComment": "",
    "ClosedDate": null,
    "CommentCount": 0,
    "Custom": null,
    "Description": "Leverage Unit test framework (nunit?, mstest?, opinions?) and develop base test coverage for core classes and major \"happy\" code paths. ",
    "LastUpdatedDate": "2013-11-07T08:31:12.66-08:00",
    "PlannedForRelease": "0.4.0 Alpha (Jeb's Jalopy)",
    "ReleaseVisibleToPublic": true,
    "Priority": {
      "Name": "Medium",
      "Severity": 100,
      "Id": 2
    },
    "ProjectName": "KerbalData",
    "ReportedDate": "2013-11-07T08:31:12.66-08:00",
    "Status": {
      "Name": "Proposed",
      "Id": 1
    },
    "ReasonClosed": {
      "Name": "Unassigned"
    },
    "Summary": "Base Unit Test Creation",
    "Type": {
      "Name": "Task",
      "Id": 2
    },
    "VoteCount": 1,
    "Id": 46
  },
  "FileAttachments": [],
  "Comments": []
}