{
  "WorkItem": {
    "AffectedComponent": {
      "Name": "API Data Mapping",
      "DisplayName": "API Data Mapping"
    },
    "ClosedComment": "",
    "ClosedDate": null,
    "CommentCount": 0,
    "Custom": null,
    "Description": "Update repos and supporting model loaders to support new locations and new data stores/types. ",
    "LastUpdatedDate": "2013-11-07T08:27:00.563-08:00",
    "PlannedForRelease": "0.4.0 Alpha (Jeb's Jalopy)",
    "ReleaseVisibleToPublic": true,
    "Priority": {
      "Name": "Medium",
      "Severity": 100,
      "Id": 2
    },
    "ProjectName": "KerbalData",
    "ReportedDate": "2013-11-07T08:25:24.28-08:00",
    "Status": {
      "Name": "Proposed",
      "Id": 1
    },
    "ReasonClosed": {
      "Name": "Unassigned"
    },
    "Summary": "0.22 Catchup - Update Repos",
    "Type": {
      "Name": "Task",
      "Id": 2
    },
    "VoteCount": 1,
    "Id": 43
  },
  "FileAttachments": [],
  "Comments": []
}