{
  "WorkItem": {
    "AffectedComponent": {
      "Name": "Consumer API",
      "DisplayName": "Consumer API"
    },
    "ClosedComment": "",
    "ClosedDate": null,
    "CommentCount": 0,
    "Custom": null,
    "Description": "Implement helper method to allow easy re-set of an object from it's file data, ignoring any changes. ",
    "LastUpdatedDate": "2017-11-27T17:48:22.04-08:00",
    "PlannedForRelease": "0.4.0 Alpha (Jeb's Jalopy)",
    "ReleaseVisibleToPublic": true,
    "Priority": {
      "Name": "Low",
      "Severity": 50,
      "Id": 1
    },
    "ProjectName": "KerbalData",
    "ReportedDate": "2013-02-16T22:19:50.833-08:00",
    "Status": {
      "Name": "Proposed",
      "Id": 1
    },
    "ReasonClosed": {
      "Name": "Unassigned"
    },
    "Summary": "Revert Implmentation",
    "Type": {
      "Name": "Task",
      "Id": 2
    },
    "VoteCount": 1,
    "Id": 32
  },
  "FileAttachments": [],
  "Comments": []
}