{
  "WorkItem": {
    "AffectedComponent": {
      "Name": "Data Serialization",
      "DisplayName": "Data Serialization"
    },
    "ClosedComment": "",
    "ClosedDate": null,
    "CommentCount": 0,
    "Custom": null,
    "Description": "Placeholder task. If Sqad makes changes to the file format or key areas that impact the api prior to the 1.0.0 beta this task will be prioritized as needed. ",
    "LastUpdatedDate": "2017-11-27T17:48:22.04-08:00",
    "PlannedForRelease": "",
    "ReleaseVisibleToPublic": false,
    "Priority": {
      "Name": "High",
      "Severity": 150,
      "Id": 3
    },
    "ProjectName": "KerbalData",
    "ReportedDate": "2013-01-21T02:39:37.503-08:00",
    "Status": {
      "Name": "Proposed",
      "Id": 1
    },
    "ReasonClosed": {
      "Name": "Unassigned"
    },
    "Summary": "Update serialization to support KSP changes",
    "Type": {
      "Name": "Issue",
      "Id": 3
    },
    "VoteCount": 1,
    "Id": 19
  },
  "FileAttachments": [],
  "Comments": []
}