[
  {
    "Title": "Documentation",
    "Id": "694965",
    "ParentWikiTitle": "Documentation",
    "FileExtension": "codeplexwiki",
    "UpdatedDate": "2013-02-19T10:41:37.69-08:00",
    "FileAttachments": []
  },
  {
    "Title": "Home",
    "Id": "694755",
    "ParentWikiTitle": "Home",
    "FileExtension": "html",
    "UpdatedDate": "2013-02-18T21:52:25.383-08:00",
    "FileAttachments": []
  },
  {
    "Title": "About the Developers",
    "Id": "685265",
    "ParentWikiTitle": "Documentation",
    "FileExtension": "codeplexwiki",
    "UpdatedDate": "2013-01-29T21:12:18.28-08:00",
    "FileAttachments": []
  },
  {
    "Title": "0.2.0 Alpha Documentation",
    "Id": "682844",
    "ParentWikiTitle": "Documentation",
    "FileExtension": "codeplexwiki",
    "UpdatedDate": "2013-01-25T00:04:41.173-08:00",
    "FileAttachments": []
  },
  {
    "Title": "Time Savings",
    "Id": "682286",
    "ParentWikiTitle": "Documentation",
    "FileExtension": "codeplexwiki",
    "UpdatedDate": "2013-01-24T00:11:30.037-08:00",
    "FileAttachments": []
  },
  {
    "Title": "Examples - KSPEditor",
    "Id": "682256",
    "ParentWikiTitle": "0.2.0 Alpha Documentation",
    "FileExtension": "codeplexwiki",
    "UpdatedDate": "2013-01-23T22:58:28.693-08:00",
    "FileAttachments": []
  },
  {
    "Title": "0.2.0 Examples - KSPEditor",
    "Id": "681750",
    "ParentWikiTitle": "Home",
    "FileExtension": "codeplexwiki",
    "UpdatedDate": "2013-01-22T23:18:01.547-08:00",
    "FileAttachments": []
  },
  {
    "Title": "Architecture Overview",
    "Id": "680096",
    "ParentWikiTitle": "Documentation",
    "FileExtension": "codeplexwiki",
    "UpdatedDate": "2013-01-19T11:18:20.447-08:00",
    "FileAttachments": []
  },
  {
    "Title": "0.1.5 Alpha Documentation",
    "Id": "679039",
    "ParentWikiTitle": "Documentation",
    "FileExtension": "codeplexwiki",
    "UpdatedDate": "2013-01-16T23:29:07.59-08:00",
    "FileAttachments": []
  }
]
